{
  "BPlevel": 1.0,
  "stratification": 0.3333333333333333,
  "singledrug(chemical)": 0.0,
  "singledrug(type)": 0.3333333333333333,
  "combineddrugs": 0.3333333333333333
}