{
  "BPlevel": 0.6666666666666666,
  "stratification": 0.3333333333333333,
  "singledrug(chemical)": 0.3333333333333333,
  "singledrug(type)": 0.3333333333333333,
  "combineddrugs": 0.6666666666666666
}