{
  "BPlevel": 0.6666666666666666,
  "stratification": 0.0,
  "singledrug(chemical)": 0.0,
  "singledrug(type)": 0.0,
  "combineddrugs": 0.3333333333333333
}