{
  "BPlevel": 0.5806451612903226,
  "stratification": 0.3387096774193548,
  "singledrug(chemical)": 0.7,
  "singledrug(type)": 0.5,
  "combineddrugs": 0.10204081632653061
}